{
	"credit": "Made with Blockbench",
	"texture_size": [64, 64],
	"textures": {
		"1": "item/firefly_bottle_texture"
	},
	"elements": [
		{
			"from": [4, 0, 4],
			"to": [12, 9, 12],
			"faces": {
				"north": {"uv": [0, 0, 2, 2.25], "texture": "#1"},
				"east": {"uv": [2, 0, 4, 2.25], "texture": "#1"},
				"south": {"uv": [0, 2.25, 2, 4.5], "texture": "#1"},
				"west": {"uv": [2, 2.25, 4, 4.5], "texture": "#1"},
				"up": {"uv": [6, 2, 4, 0], "texture": "#1"},
				"down": {"uv": [6, 2, 4, 4], "texture": "#1"}
			}
		},
		{
			"from": [5, 1, 5],
			"to": [11, 8, 11],
			"faces": {
				"north": {"uv": [4, 4, 5.5, 5.75], "texture": "#1"},
				"east": {"uv": [0, 4.5, 1.5, 6.25], "texture": "#1"},
				"south": {"uv": [1.5, 4.5, 3, 6.25], "texture": "#1"},
				"west": {"uv": [5.5, 4, 7, 5.75], "texture": "#1"},
				"up": {"uv": [4.5, 7.25, 3, 5.75], "texture": "#1"},
				"down": {"uv": [6, 5.75, 4.5, 7.25], "texture": "#1"}
			}
		},
		{
			"from": [6, 9, 6],
			"to": [10, 15, 10],
			"faces": {
				"north": {"uv": [6, 5.75, 7, 7.25], "texture": "#1"},
				"east": {"uv": [0, 6.25, 1, 7.75], "texture": "#1"},
				"south": {"uv": [1, 6.25, 2, 7.75], "texture": "#1"},
				"west": {"uv": [2, 6.25, 3, 7.75], "texture": "#1"},
				"up": {"uv": [4, 5.5, 3, 4.5], "texture": "#1"},
				"down": {"uv": [7, 3, 6, 4], "texture": "#1"}
			}
		},
		{
			"from": [5, 15, 5],
			"to": [11, 17, 11],
			"faces": {
				"north": {"uv": [7, 3, 8.5, 3.5], "texture": "#1"},
				"east": {"uv": [7, 3.5, 8.5, 4], "texture": "#1"},
				"south": {"uv": [7, 4, 8.5, 4.5], "texture": "#1"},
				"west": {"uv": [7, 4.5, 8.5, 5], "texture": "#1"},
				"up": {"uv": [7.5, 1.5, 6, 0], "texture": "#1"},
				"down": {"uv": [7.5, 1.5, 6, 3], "texture": "#1"}
			}
		}
	],
	"display": {
		"thirdperson_righthand": {
			"translation": [0, 1.75, 0],
			"scale": [0.37, 0.37, 0.37]
		},
		"thirdperson_lefthand": {
			"translation": [0, 1.75, 0],
			"scale": [0.37, 0.37, 0.37]
		},
		"firstperson_righthand": {
			"translation": [0, 0.75, 0],
			"scale": [0.6, 0.6, 0.6]
		},
		"firstperson_lefthand": {
			"translation": [1.25, 1.75, 0.5],
			"scale": [0.6, 0.6, 0.6]
		},
		"ground": {
			"scale": [0.46, 0.46, 0.46]
		},
		"gui": {
			"translation": [0, -0.25, 0],
			"scale": [0.82, 0.82, 0.82]
		},
		"fixed": {
			"rotation": [-90, 0, 0],
			"translation": [0, 0, -12],
			"scale": [1.6, 1.6, 1.6]
		}
	}
}