{
	"credit": "Made with Blockbench",
	"texture_size": [32, 32],
	"textures": {
		"0": "optifine/cit/melee/bkstaff",
		"particle": "optifine/cit/melee/bkstaff"
	},
	"elements": [
		{
			"from": [7, 0, 7],
			"to": [9, 21, 9],
			"faces": {
				"north": {"uv": [0, 0, 1, 10.5], "texture": "#0"},
				"east": {"uv": [1, 0, 2, 10.5], "texture": "#0"},
				"south": {"uv": [2, 0, 3, 10.5], "texture": "#0"},
				"west": {"uv": [3, 0, 4, 10.5], "texture": "#0"},
				"up": {"uv": [7, 5, 6, 4], "texture": "#0"},
				"down": {"uv": [7, 5, 6, 6], "texture": "#0"}
			}
		},
		{
			"from": [7.5, 19, -13],
			"to": [8.5, 20, -9],
			"rotation": {"angle": 45, "axis": "x", "origin": [0, 0, 0]},
			"faces": {
				"north": {"uv": [8.5, 3, 9, 3.5], "texture": "#0"},
				"east": {"uv": [6, 6, 8, 6.5], "texture": "#0"},
				"south": {"uv": [8.5, 3.5, 9, 4], "texture": "#0"},
				"west": {"uv": [6, 6.5, 8, 7], "texture": "#0"},
				"up": {"uv": [7.5, 6, 7, 4], "texture": "#0"},
				"down": {"uv": [6.5, 7, 6, 9], "texture": "#0"}
			}
		},
		{
			"from": [7.5, 7.75, 20.25],
			"to": [8.5, 8.75, 24.25],
			"rotation": {"angle": -45, "axis": "x", "origin": [0, 0, 0]},
			"faces": {
				"north": {"uv": [9, 8.5, 9.5, 9], "texture": "#0"},
				"east": {"uv": [7.5, 5.5, 9.5, 6], "texture": "#0"},
				"south": {"uv": [9, 9, 9.5, 9.5], "texture": "#0"},
				"west": {"uv": [6.5, 7.5, 8.5, 8], "texture": "#0"},
				"up": {"uv": [8.5, 2, 8, 0], "texture": "#0"},
				"down": {"uv": [8.5, 2, 8, 4], "texture": "#0"}
			}
		},
		{
			"from": [20.25, 7.75, 7.5],
			"to": [24.25, 8.75, 8.5],
			"rotation": {"angle": 45, "axis": "z", "origin": [0, 0, 0]},
			"faces": {
				"north": {"uv": [6.5, 7, 8.5, 7.5], "texture": "#0"},
				"east": {"uv": [9, 3, 9.5, 3.5], "texture": "#0"},
				"south": {"uv": [7.5, 4, 9.5, 4.5], "texture": "#0"},
				"west": {"uv": [9, 3.5, 9.5, 4], "texture": "#0"},
				"up": {"uv": [9.5, 5, 7.5, 4.5], "texture": "#0"},
				"down": {"uv": [9.5, 5, 7.5, 5.5], "texture": "#0"}
			}
		},
		{
			"from": [-12.75, 19, 7.5],
			"to": [-8.75, 20, 8.5],
			"rotation": {"angle": -45, "axis": "z", "origin": [0, 0, 0]},
			"faces": {
				"north": {"uv": [4, 8, 6, 8.5], "texture": "#0"},
				"east": {"uv": [9.5, 0, 10, 0.5], "texture": "#0"},
				"south": {"uv": [8, 6, 10, 6.5], "texture": "#0"},
				"west": {"uv": [9.5, 0.5, 10, 1], "texture": "#0"},
				"up": {"uv": [8.5, 8.5, 6.5, 8], "texture": "#0"},
				"down": {"uv": [10, 6.5, 8, 7], "texture": "#0"}
			}
		},
		{
			"from": [7.6, 22.6, 4.3],
			"to": [8.4, 25.6, 5.3],
			"faces": {
				"north": {"uv": [8.5, 0, 9, 1.5], "texture": "#0"},
				"east": {"uv": [8.5, 1.5, 9, 3], "texture": "#0"},
				"south": {"uv": [4, 8.5, 4.5, 10], "texture": "#0"},
				"west": {"uv": [4.5, 8.5, 5, 10], "texture": "#0"},
				"up": {"uv": [10, 1.5, 9.5, 1], "texture": "#0"},
				"down": {"uv": [10, 1.5, 9.5, 2], "texture": "#0"}
			}
		},
		{
			"from": [7.6, 22.6, 10.6],
			"to": [8.4, 25.6, 11.6],
			"faces": {
				"north": {"uv": [8.5, 7, 9, 8.5], "texture": "#0"},
				"east": {"uv": [7.5, 8.5, 8, 10], "texture": "#0"},
				"south": {"uv": [8, 8.5, 8.5, 10], "texture": "#0"},
				"west": {"uv": [8.5, 8.5, 9, 10], "texture": "#0"},
				"up": {"uv": [10, 3.5, 9.5, 3], "texture": "#0"},
				"down": {"uv": [10, 3.5, 9.5, 4], "texture": "#0"}
			}
		},
		{
			"from": [10.6, 22.6, 7.6],
			"to": [11.6, 25.6, 8.4],
			"faces": {
				"north": {"uv": [5, 8.5, 5.5, 10], "texture": "#0"},
				"east": {"uv": [5.5, 8.5, 6, 10], "texture": "#0"},
				"south": {"uv": [6.5, 8.5, 7, 10], "texture": "#0"},
				"west": {"uv": [7, 8.5, 7.5, 10], "texture": "#0"},
				"up": {"uv": [10, 2.5, 9.5, 2], "texture": "#0"},
				"down": {"uv": [10, 2.5, 9.5, 3], "texture": "#0"}
			}
		},
		{
			"from": [4.5, 22.5, 7.6],
			"to": [5.5, 25.5, 8.4],
			"faces": {
				"north": {"uv": [9, 0, 9.5, 1.5], "texture": "#0"},
				"east": {"uv": [9, 1.5, 9.5, 3], "texture": "#0"},
				"south": {"uv": [6, 9, 6.5, 10.5], "texture": "#0"},
				"west": {"uv": [9, 7, 9.5, 8.5], "texture": "#0"},
				"up": {"uv": [10, 4.5, 9.5, 4], "texture": "#0"},
				"down": {"uv": [10, 4.5, 9.5, 5], "texture": "#0"}
			}
		},
		{
			"from": [6, 23, 6],
			"to": [10, 27, 10],
			"faces": {
				"north": {"uv": [4, 0, 6, 2], "texture": "#0"},
				"east": {"uv": [4, 2, 6, 4], "texture": "#0"},
				"south": {"uv": [4, 4, 6, 6], "texture": "#0"},
				"west": {"uv": [6, 0, 8, 2], "texture": "#0"},
				"up": {"uv": [8, 4, 6, 2], "texture": "#0"},
				"down": {"uv": [6, 6, 4, 8], "texture": "#0"}
			}
		}
	],
	"display": {
		"thirdperson_righthand": {
			"translation": [0, -4, 0]
		},
		"thirdperson_lefthand": {
			"translation": [0, -3, 0]
		},
		"firstperson_righthand": {
			"rotation": [-10, 0, 0],
			"translation": [2, -3, 0]
		},
		"firstperson_lefthand": {
			"translation": [0, -5.25, 0]
		},
		"ground": {
			"rotation": [37, 0, 0],
			"scale": [0.3, 0.3, 0.3]
		},
		"gui": {
			"rotation": [1, 0, -29],
			"translation": [-2, -3, 0],
			"scale": [0.6, 0.6, 0.6]
		},
		"fixed": {
			"rotation": [0, 0, 45],
			"translation": [2.5, -3.5, 0],
			"scale": [0.7, 0.7, 0.7]
		}
	}
}